video_id,video_title,thumbnail_url,detected_verb,detected_material,action_pair,velocity_score,cv_color_hex,cv_emotion
rfRn3flyXUQ,I Restored a 1950's Bush Radio TUG-59 TV,https://i.ytimg.com/vi/rfRn3flyXUQ/hqdefault.jpg,Remove,Door,Remove Door,18811.96,#dbd9d5,Energetic
ZgSLH7bu1Uk,Bringing a Ruin Back to Life,https://i.ytimg.com/vi/ZgSLH7bu1Uk/hqdefault.jpg,Restore,Table,Restore Table,13292.3,#846f5b,Energetic
gKHvl8vmg3s,Our Landscaping Was a DISASTER… So I Finally Fixed It,https://i.ytimg.com/vi/gKHvl8vmg3s/hqdefault.jpg,Remove,Metal,Remove Metal,12742.0,#141618,Moody
Z_XvACG3J5Y,Stop Buying Halloween Decor — 28 DIYs From Thrifted Finds,https://i.ytimg.com/vi/Z_XvACG3J5Y/hqdefault.jpg,Paint,Box,Paint Box,3942.21,#170d0b,Moody
2bxSJJA7kk8,I Completely Transformed This $10 Thrifted Oak Coffee Table,https://i.ytimg.com/vi/2bxSJJA7kk8/hqdefault.jpg,Make,Board,Make Board,2447.69,#0e110e,Moody
RA_q4hdMuBs,Saved From the Dumpster,https://i.ytimg.com/vi/RA_q4hdMuBs/hqdefault.jpg,Restore,Chair,Restore Chair,2338.23,#3b342d,Moody
zHRcBaG9kt8,I Transformed the Most Random Things I Found at Goodwill,https://i.ytimg.com/vi/zHRcBaG9kt8/hqdefault.jpg,Do,Fabric,Do Fabric,2287.03,#120e0e,Moody
QtXOpaiZTxM,From $150 Thrift Store Find to High-End Bedroom Set,https://i.ytimg.com/vi/QtXOpaiZTxM/hqdefault.jpg,Do,Hardware,Do Hardware,1768.29,#311f14,Moody
Uw2kQ_yjk2w,This Was Sitting Out for the Trash,https://i.ytimg.com/vi/Uw2kQ_yjk2w/hqdefault.jpg,Find,Table,Find Table,1339.34,#8d7f6e,Energetic
M81VNYP9_LU,AMAZING transformation of ROTTEN Antique,https://i.ytimg.com/vi/M81VNYP9_LU/hqdefault.jpg,Restore,Chair,Restore Chair,1128.0,#292524,Moody
